-- CONFIGURAÇÃO DO BANCO DE DADOS
create database score character set 'utf8' collate 'utf8_general_ci';
use score;
set global time_zone='-03:00';


-- DEFINIÇÃO DAS TABELAS
create table users (
	`id` int not null primary key auto_increment,
	`name` varchar(64) not null,
	`alias` varchar(16) unique not null,
	`password` varchar(32) not null,
	`registration_date` datetime not null default current_timestamp
);

create table administrators (
	`id` int not null primary key auto_increment,
	`user` int unique not null,
	foreign key(`user`) references users(`id`)
);

create table students (
	`id` int not null primary key auto_increment,
	`user` int unique not null,
	foreign key(`user`) references users(`id`)
);

create table modules (
	`id` int not null primary key auto_increment,
	`name` varchar(64) not null
);

create table stages (
	`id` int not null primary key auto_increment,
	`name` varchar(64) not null,
	`module` int not null,
	foreign key(`module`) references modules(`id`)
);

create table forms (
	`id` int not null primary key auto_increment,
	`student` int not null,
	`stage` int not null,
	`response` longtext not null,
	`start_time` timestamp not null,
	`end_time` timestamp null,
	foreign key(`student`) references students(`id`),
	foreign key(`stage`) references stages(`id`)
);

create table situations (
	`id` int not null primary key auto_increment,
	`name` varchar(64) not null
);

create table analysis (
	`id` int not null primary key auto_increment,
	`student` int not null,
	`situation` int not null,
	`certificate` varchar(128) null,
	`link` varchar(248) null,
	`identifier` varchar(16) null,
	foreign key(`student`) references students(`id`),
	foreign key(`situation`) references situations(`id`)
);


-- DEFINIÇÃO DAS VISÕES
create view users_view as
	select users.`id`, users.`name`, users.`alias`, users.`password`, case users.`id` when administrators.`user` then 'administrator' else 'student' end `type`, users.`registration_date`
	from users
	left outer join administrators on users.`id`=administrators.`user`
	left outer join students on users.`id`=students.`user`;

create view administrators_view as
	select users.`id`, administrators.`id` `ref_id`, users.`name`, users.`alias`, users.`password`, users.`registration_date`
	from users
	inner join administrators on users.`id`=administrators.`user`;

create view students_view as
	select users.`id`, students.`id` `ref_id`, users.`name`, users.`alias`, users.`password`, users.`registration_date`
	from users
	inner join students on users.`id`=students.`user`;

create view stages_view as
	select stages.`id`, stages.`name`, modules.`name` `module`
	from stages
	inner join modules on stages.`module`=modules.`id`;

create view forms_view as
	select forms.`id`, stages.`name` `stage`, modules.`name` `module`, users.`name` `user`, forms.`response`, forms.`start_time`, forms.`end_time`
	from forms
	inner join stages on forms.`stage`=stages.`id`
	inner join modules on stages.`module`=modules.`id`
	inner join students on forms.`student`=students.`id`
	inner join users on students.`user`=users.`id`;

create view analysis_view as
	select analysis.`id`, users.`name` `student`, analysis.`situation`, analysis.`certificate`, analysis.`link`, analysis.`identifier`
	from analysis
	inner join students on analysis.`student`=students.`id`
	inner join users on students.`user`=users.`id`;


-- INSERÇÃO DOS DADOS
insert into users (`id`, `name`, `alias`, `password`, `registration_date`) values
(1, 'Francisco André Mendes Junior', '32090974028', md5('82047909023'), '2021-03-10 09:00:00'),
(2, 'Santiago Sipoli', '13799482075', md5('57028499731'), '2021-03-15 09:15:00'),
(3, 'Christian Dutra', '93592946080', md5('08064929539'), '2021-03-27 10:00:00'),
(4, 'Tiago Mattos Facadio', '47662214001', md5('10041226674'), '2021-03-30 14:30:00'),
(5, 'Iara Luiza Prado Pato Peres Molina', '11987035046', md5('64053078911'), '2021-03-30 16:00:00'),
(6, 'Guilherme Telles Cristo Moreira', '40450174026', md5('62047105404'), '2021-07-26 10:30:00'),
(7, 'Fernando Anderson Melo Junior', '30387528865', md5('chico'), '2021-07-27 10:00:00'),
(8, 'Samuel Souza', '05775382927', md5('compostela'), '2021-07-27 10:10:00'),
(9, 'Carlos Duarte', '07762483675', md5('christian123'), '2021-07-27 10:20:00'),
(10, 'Thomas Marcos Ferreira', '06258782728', md5('tiago123'), '2021-07-27 10:30:00'),
(11, 'Isis Letícia Paula Pires Prado Moraes', '98438468187', md5('iara123'), '2021-07-27 10:40:00'),
(12, 'Gustavo Theo Caleb Martin', '11400580617', md5('telles123'), '2021-07-27 10:50:00');

insert into administrators (`id`, `user`) values
(1, 1),
(2, 2),
(3, 7),
(4, 8);

insert into students (`id`, `user`) values
(1, 3),
(2, 4),
(3, 5),
(4, 6),
(5, 9),
(6, 10),
(7, 11),
(8, 12);

insert into modules (`id`, `name`) values
(1, 'Cadastro Inicial'),
(2, 'Avaliação Técnica'),
(3, 'Nível de Inglês'),
(4, 'Avaliação Comportamental');

insert into situations (`id`, `name`) values
(1, 'Formulário Finalizado'),
(2, 'Avaliação Devolutiva'),
(3, 'Certificado de Conclusão');

insert into stages (`id`, `name`, `module`) values
(1, 'Dados Pessoais', 1),
(2, 'Conhecimento da Função', 2),
(3, 'Conhecimento Técnico Específico', 2),
(4, 'Segurança Operacional e Regulação', 2),
(5, 'Experiências Anteriores', 2),
(6, 'Inglês Médio', 3),
(7, 'Primeira Etapa', 4),
(8, 'Segunda Etapa', 4),
(9, 'Terceira Etapa', 4),
(10, 'Quarta Etapa', 4);

insert into forms (`id`, `student`, `stage`, `response`, `start_time`, `end_time`) values
(1, 1, 1, 'Christian|$*|Dutra|$*|christiandeiner38@ymail.com|$*|(31)99797-8588|$*|03/09/1986|$*|Especialização|$*||$*|Manutenção Aeronáutica|$*|PUC-MG - Pontifícia Universidade Católica de Minas Gerais|$*|06/2020|$*|Engenheiro de manutenção em motores Aeronauticos|$*|Junior|$*||$*|Médio|$*|Básico|$*|Nenhum|$*|Nenhum|$*||$*||$*|Não tenho experiência|$*|Sim|$*|Apaixonado por motores Aeronáuticos|$*|Engenheiro de manutenção de motores Aeronáuticos, de um companhia Aérea, fabricante de motores ou oficina homologada pelos órgãos fiscalizadores do país.|$*|Engenheiro de manutenção de motores sênior de uma grande companhia aérea, Líder de manutenção em um setor de reformas de motores aeronáuticos.|$*|Apaixonado pela aviação, graduado em Engenharia Mecânica, pós-graduado em Gestão de Projetos e Engenharia de manutenção Aeronáutica. Experiência de 14 anos no segmento de manutenção, com atuação nas áreas de Engenharia, planejamento e execução.\r\nConhecimento técnico em reparos de subconjuntos (Motores a combustão, Transmissões automatizadas, Suspensão eletrônica, Diferencial, Componentes Hidráulicos e Pneumáticos). Conhecimento prático em leitura de diagramas elétricos, hidráulicos e pneumáticos. Experiencia com avaliação técnica de falhas eletroeletrônicas de grande complexidade através do modo troubleshooting.\r\nExperiencia com elaboração e interpretação de Laudos Técnico, desenvolvimento de procedimentos e planos de manutenção.\r\nBoa comunicação, vivencia com instrução e elaboração de treinamentos tecnico, escopo de serviços, relatórios gerenciais e negociações com áreas de interface.\r\nExperiencia com desenvolvimento de fornecedores, analise de viabilidade, testes de produtos alternativos, criação de propostas de novas soluções e tecnologias já consolidadas em mercado.\r\nExperiencia com Perfil de perdas/falhas, FEMEA, analise de PFPP, consolidação de indicadores de performance de manutenção de frotas (MTTR, MTBF), indicadores de planejamento de manutenção, indicadores de saude dos ativos.\r\nExperiencia e atuação ativa com trabalhos de melhoria continua (Lean e Six Sigma), atuação nas diretivas de redução de combustíveis, lubrificantes, pneus e emissões CO2.\r\n\r\nAtualmente trabalhando em dois projetos muitíssimos importantes para o futuro das organizações e o planeta: Sou integrante de um projeto de caminhões autônomos (não tripulados), juntamente com uma fabricante de caminhões alemã e outra Americana especialista em georeferenciamento.\r\nEstudo e implementação de novas tecnologias para redução de carbono por motores a combustão interno, com a aplicada de combustível (GNC e GNL).\r\n\r\nPossuo treinamentos e grande experiência com reparo de grande complexidade em motores a combustão de grande porte, testes NTD, avaliado de performance via software, testes dinâmicos trocas de componentes e recalibração de sensores e componentes do sistema de injeção e superalimentadores com geometria variável e fluxo de caixa quente (Turbina Garret e Borgwarner).|$*|', '2021-03-31 23:00:00', '2021-03-31 23:25:00'),
(2, 1, 2, 'Na função de Engenheiro de manutenção de motores aeronáuticos não tenho experiência.|$*|Na função de Engenheiro de manutenção, atuo a quatro anos|$*|Avaliar modos de falhas em componentes, estudos para aplicação de melhorias nas rotinas de manutenção, auditorias em processo de manutenção, atualização de planos de manutenção, elaboração de relatórios de garantia, desenvolvimento de novas tecnologias, trabalhos voltados para metodologia LEAN Manufacturing, reportes técnicos para a área de planejamento de manutenção, elaboração de cartas de especificação de produtos para novas aquisições, relatório de testes, reuniões semanais com a gerencia de manutenção, reportes técnicos e indicadores de performance, reuniões quinzenais com fabricantes, suporte ao time de campo com analises e grandes reformas em componentes.|$*|Utilização e aplicação de ferramentas de qualidade (FEMEA, RCM, MCC), trabalho constante com software de monitoramento de componentes por telemetria.|$*|Participação de reuniões gerenciais, elaboração de documentos técnicos, ministrar treinamentos, reuniões com estrangeiros, palestrante de fóruns de manutenção, analise crítica e elaboração de perfil de perdas, comunicação rápida e efetiva.|$*|Aproximadamente 40 pessoas|$*|Engenheiro|$*|Colocar a manutenção sintonizada com as necessidade operacionais|$*|Instigar a empresa em trabalhar com software mais tecnológicos do ponto de vista em monitoramento e gestão de componentes e frota|$*|Implementação de um software que faz interface com SAP para tratar dados de manutenção rotineiras, este trouxe maior confiabilidade das informações e um premio de melhor trabalho de CCQ do ano dentro d empresa.|$*|Sim|$*|Metas de disponibilidade Física de equipamento, metas de confiabilidade de componentes, metas de redução de custos|$*|Literatura Técnica de Motores, Transmissão, suspensão, ar condicionado, freios eletrônicos, eletrônica embarcada na célula, lubrificação, pneumática e hidráulica, fixação e distribuição de cargas dos implementos.|$*|Lubrificarão, fixação e distribuição de cargas do implemento|$*|Sim|$*|Procedimento para exercer atividades com bateria, Procedimento de bloqueio de energias perigosas, Procedimento de descarte de resíduos classe l, Procedimento para abastecimento de nitrogênio em suspensão e pneus, Procedimento para troca e enchimento de pneus, procedimento para calibração de suspensão, Procedimento para utilização de ferramentas de ensaios não destrutivos, Procedimento para execução de trabalhos em motores com temperaturas elevadas, Procedimento para elevação de cargas, Procedimento para trabalho com combustível e gases nocivos, Procedimento para trabalho em locais confinados, Procedimento avaliação técnica de equipamentos em campo.|$*|Manutenção de aeronaves||SGSO ou Safety||Outros procedimentos|||$*||$*||$*||$*||$*||$*||$*||$*||$*|Os manuais acima citados foram visitados durante o curso de especialização em Engenharia de Manutenção Aeronáutica|$*|Não|$*||$*|Manuais de manutenção do setor em que trabalho são visitados em todo planejamento de atividade|$*|Manuais de serviços de manutenção em componentes|$*|Não|$*|Sim|$*|Trabalho em motores quentes, e Trabalho com combustíveis e gases nocivos|$*|Manual de motores, tenho bastante experiencia na área e treinamentos|$*|Ar condicionado, pois é uma área onde outos especialistas atuam|$*|Manual de solicitação de garantia, Manual de fluxos da área de planejamento de atividades, Manual transporte de produtos perigosos.|$*|O processo de garantia envolve vários setores da empresa, e para tanto todos devem seguir rigorosamente os prazos e aprovações dentro do sistema, O manual da área de planejamento de manutenção impõe uma sequencia muito definida no processo, e para tanto requer total disciplina dos setores anteriores ao meu, O manual de produtos perigoso impõe limitações nos processo de manutenção, e para tanto a Engenharia é sempre consultada durante atividades mesmo que simples.|$*|Não|$*||$*|Não|$*||$*||$*||$*||$*||$*||$*||$*||$*||$*||$*||$*||$*|Regular|$*||$*||$*||$*||$*||$*||$*||$*||$*|CREA Conselho regional de arquitetura de Minas Gerais|$*|Não|$*||$*|Aprovações de ARTs|$*|Sem a aprovacão de uma ART, um projeto não pode ser implementado|$*|Prazos|$*|Não|$*||$*|Não|$*||$*|Não|$*|', '2021-03-31 23:25:00', '2021-04-01 00:15:00'),
(3, 1, 3, 'CREA|||$*||$*||$*||$*|Médio|$*|Médio|$*|Superficial|$*|Médio|$*|Superficial|$*|Superficial|$*|Superficial|$*|Superficial|$*|Superficial|$*|Superficial|$*|Superficial|$*||$*|Sim, Engenharia Mecanica: Concluído em Dezembro de 2017 pela universidade presidente Antonio Carlos UNIPAC.\r\nPós Graduação em Engenharia de Manutenção Aeronáutica: Concluído em Junho de 2019 pela Pontifícia Universidade Católica de Minas Gerais.\r\nPós Graduação em Gestão de Projetos: Concluído em Dezembro de 2018 pela Universidade Leonardo da Vinci.|$*|Sim|$*|Não|$*|Engenharia Mecanica: Todo o trabalho exercido na área de manutenção foi enriquecido e novas oportunidades foram intensificadas.|$*|Engenharia de Manutenção Aeronáutica, devido a paixão pela aviação e manutenção.\r\nFazer o que gosta, não tem preço.|$*|Conciliar trabalho e estudos na rotina diária|$*|Especialização em motores aeronáuticos, devido a familiarização de muitos anos com motores e sistemas eletroeletrônicos de gerenciamento.|$*|Sim, Especialista em motores marítimos MWM, Roserval Lopes|$*|Engenharia||Qualidade|||$*||$*|Motores||MCC||Engenharia||Planejamento|||$*||$*||$*||$*||$*||$*||$*||$*||$*||$*|Reparos|||$*||$*||$*||$*||$*||$*||$*||$*||$*|Pós-venda|||$*||$*||$*||$*|Contratos|||$*||$*||$*||$*||$*||$*|C||C++||Python|||$*||$*|Oracle|||$*||$*||$*||$*|Google|||$*||$*|Manutenção||Motores|||$*||$*|Materiais||Estruturas||Projetos||Dinâmica|||$*||$*||$*||$*|Planejamento|||$*||$*||$*||$*|Manutenção||Outros|||$*|Manutenção em Turboalimentadores|$*|Outros|||$*|Manutenção em Motores MAN|$*|Sim, Manutenção em turbo compressores de Holset, Manutenção em Motores MAN|$*|Não|$*|Sim, SAP, Ferramentas Lean Manufactoring, Microsoft BI.|$*|Sim, Rotineiramente nas analises de falha em componentes e motores, em análises criticas via relatórios em sistemas SAP.|$*|Conhecimento tecnico do produtos, para a correta analise da falha e tratativa eficaz para os demais produtos ainda operando|$*|Sim, Especialização e conhecimento de motores aeronáuticos, conhecimentos avançados de célula e Aviônica|$*|Conhecimento avançado do produto, será um oportunidade para aplicar na pratica e desenvolver melhorias e habilidades ao longo de uma carreira solida.|$*|Todos os treinamentos foram de grande importância no crescimento profissional|$*|Conhecimento específicos de motores aeronáuticos a reação e em célula|$*|Fabricantes de Motores||Fabricantes de Componentes||Fabricantes de Químicos||Fabricantes de Ferramentas||Distribuidores de Partes e Componentes||Empresas de Manutenção de Componentes||Empresas de Manutenção de Equipamentos Auxiliares||Empresas de Manutenção de Ferramentas||Empresas de Soluções Tecnológicas para Manutenção de Motores||Empresas de Soluções Tecnológicas para Manutenção de Componentes||Empresas de Soluções Tecnológicas para Manutenção de Ferramentas|||$*||$*|Coordenação/Engenharia|$*|Engenharia||Qualidade|||$*||$*|Engenharia e pós vendas|$*|Desenvolvimento de novas técnicas de trabalho, produtos, tecnologia e manutenção.|$*|Sim, Sr. Maurício Pereira e Sr. Dener Junior|$*|Manutenção e Engenharia do produto|$*|Comunicação assertiva e efetiva, profissional muito técnico, fácil relacionamento, confiável, e conhecedor da área de atuação.|$*|Não|$*|Nã0|$*|', '2021-04-01 00:15:00', '2021-04-01 00:55:00'),
(4, 1, 4, 'Sim, São procedimentos, medidas e práticas que tem o objetivo de garantir a segurança operacional dos vôos civis.|$*|Não|$*|Não|$*|Não, conheci em teoria do curso de pós graduação em Engenharia de Manutenção Aeronáutica.|$*|Não|$*|Não|$*|Empresas de Manutenção de Equipamentos Auxiliares||Empresas de Manutenção de Ferramentas|||$*|Avaliação técnica e liberação de equipamento para operação após grandes reformas e/ou após acidentes.|$*|10|$*|Não|$*|Não|$*|', '2021-04-01 00:55:00', '2021-04-01 01:10:00'),
(5, 1, 5, 'Volkswagen: 2005 a 2017\r\nCompanhia Siderúrgica Nacional: 2017 até os dias atuais|$*|Volkswagen: Oficina de manutenção em componentes não continha um padrão de limpeza, iluminação e controle de ferramental especial adequado, para tanto foi proposto um novo Layout para entrada de iluminação natural, controle de ferramentas especiais via SAP, criado uma rotinas de manutenção de bancadas após cada atividade executada.\r\n\r\nNão se tinha ferramentas adequadas para aquecimentos de peças, dispositivos de segurança para prensas, área climatizado e pressão positiva para reparo em componentes sensíveis, ferramentas de precisão não eram calibradas frequentemente, para tanto, todos os tópicos capim descritos forma melhorados ao longo da minha passagem pela empresa.|$*|Empresas de Manutenção de Motores||Empresas de Manutenção de Componentes||Empresas de Manutenção de Equipamentos Auxiliares|||$*|Sim|$*|Assistência técnica da Volkswagen caminhões como Mecânico, Chefe de Oficina e Consultor de assistência Técnica. Engenheiro de Desenvolvimento na CSN.|$*|Sênior|$*|Supervisão|$*|Comercial||Compras/suprimentos||Engenharia||Manutenção||Cliente externo e/ou passageiros||Qualidade||Financeiro|||$*|Desenvolvimento de métodos para comunicar com diversos públicos|$*|Assumir cargo de liderança sem comunicação previa e preparação.|$*|Assumir um cargo de Engenheiro após 6 meses de formação.|$*|Volkswagen, Devido a metodologia de desenvolvimento dos profissionais, valorização de pessoas, transparências com as metas e objetivos.|$*|Não tive uma pior empresa, estive em ambientes poluídos com energias negativas, e sem perspectiva de desenvolvimento de novos trabalhos e evolução par uma carreira sólida.|$*|Não|$*||$*|Um colega de trabalho que sempre me apoiou com boas energias, incentivo a busca de novos projetos e estudos, e conselhos pessoais.|$*||$*||$*||$*||$*||$*||$*||$*||$*||$*|2|$*|6|$*|2|$*|6|$*|7|$*|0|$*|1|$*|0|$*|0|$*|2|$*|3|$*|0|$*|7|$*|7|$*|9|$*|9|$*|6|$*|6|$*|3|$*|9|$*|6|$*|7|$*|6|$*|1|$*|0|$*|0|$*|1|$*|1|$*|5|$*|0|$*|0|$*|6|$*|8|$*|9|$*|10|$*|10|$*|7|$*|1|$*|8|$*|9|$*|0|$*|0|$*|0|$*|8|$*|9|$*|0|$*|Considero ter maior aderência as áreas técnicas com resolução a problemas de grande complexidade, principalmente em motores e seus sistemas de gerenciamento eletrônico, (Troubleshooting), E com atuação forte dentro das áreas de Engenharia de manutenção de oficinas especializadas, hangares de manutenção e fabricantes.|$*|Aprofundar conhecimentos na área de programação lógica, Motores aeronáuticos a reação, e estruturas de Aeronaves.|$*|Sim|$*|Diagnóstico de falhas eletroeletrônicas de grande complexidade. Reparos e diagnóstico de falhas em motores a combustão com alta tecnologia embarcada nos sistemas de emissões de gases e injeção. Reparo e diagnóstico de falhas em transmissões automatizadas com alta tecnologia embarcada, Troubleshooting.|$*|Atuante em salas de montagem e peritagem de componentes (Motores a combustão, Sistemas de Injeção, transmissões automatizadas, caixas de engrenagens, freios retardadores dinâmicos, freios ABS e sistemas EBS, Turbo compressor com geometria variável).|$*|Diagnóstico de falhas e reparos em turbo compressores Holset, Atuação como troubleshooting com sistemas complexos, conhecimento de sistemas automatizados e novas tecnologias de veículos não tripulados, conhecimento de tecnologias para motores que envolvem a redução de CO2 e NOX os quais atendem as normas regulamentadoras.|$*|', '2021-04-01 01:10:00', '2021-04-01 02:00:00'),
(6, 1, 6, 'Been / is|$*|Would / push|$*|The economic impact of COVID-19 and its preventative measures on commercial negotiations in the aircraft manufacturing market and industry development in 2020.|$*|we had|$*|Innovate|$*|will get / Have a nice day!|$*|in case|$*|forwarding|$*|Artificial Intelligence has been employed in the aircraft manufacturing industry.|$*|Spoke with|$*|I’m looking forward to it.|$*|I’d rather prefer|$*|Data analytics help optimize the operations performance, assist in an effective decision making and reduces maintenance costs.|$*|have / go|$*|How / Should|$*|', '2021-04-01 02:00:00', '2021-04-01 02:10:00'),
(7, 2, 1, 'Tiago|$*|Mattos Facadio|$*|tiagomfacadio@outlook.com|$*|(11) 98912-5923|$*|1996-10-28|$*|Ensino superior incompleto|$*|Aviação Civil|$*||$*|UAM - Universidade Anhembi Morumbi|$*|2021-12-10|$*|Piloto de Linha Aérea|$*|Junior|$*||$*|Fluente|$*|Fluente|$*|Nenhum|$*|Nenhum|$*||$*||$*|Não tenho experiência|$*|Não|$*||$*|Considero que daqui 5 anos eu estarei atuando como copiloto em alguma empresa do setor.|$*|Comandante Cargueiro|$*|Gosto de adquirir e buscar novos conhecimentos sempre. Além da setor operacional da aviação, tenho interesse na area de Safety. Nos momentos vagos gosto de praticar algum tipo de atividade ao ar livre e a leitura faz parte do meu dia a dia.|$*|', '2021-05-20 16:30:00', '2021-05-20 16:45:30'),
(8, 2, 2, 'A minha última experiência de voo, foi a minha convalidação de carteira estrangeira. E também fui monitor do simulador de voo da faculdade onde eu estudo.|$*|6 meses.|$*|A minha rotina como monitor operacional era orientar os alunos desde leitura de checklists, operaçōes de todos os tipos, voos VFR e IFR.|$*|Durante esse período desenvolvi um maior conhecimento teórico ja que ao ter que ensinar diversos procedimentos, e ter certeza de que eles estejam sendo realizados de forma correta o conhecimento vai se fixando mais profundamente, e também adquiri uma maior capacidade de identificar situaçōes de risco com maior rapidez.|$*|Adquiri uma melhor habilidade de trabalho em grupo, CRM e gerenciamento de riscos.|$*|3 pessoas. Um instrutor chefe e dois monitores.|$*|Segundo.|$*|Acredito que no começo um dos maiores desafios tenha sido encontrar um método correto para ensinar os alunos, e sempre estar a frente das situaçōes. Ter sempre o conhecimento necessário ou saber onde encontrar o material pertinente a cada situação.|$*|Acho que poderia ter ficado la por mais tempo, adquirindo cada vez mais conhecimentos.|$*|Na minha opinião a minha maior conquista foi ver como tanto eu e os alunos que eu ajudei aprendemos.|$*|Não|$*||$*|Eram empregados 3 manuais:\r\n-Manual do simulador da universidade\r\n-Manual de voo VFR\r\n-Manual de voo IFR|$*|Não|$*|Não|$*||$*|Operação de aeronaves||Manutenção de aeronaves||Operação de solo||SGSO ou Safety|||$*||$*||$*||$*||$*||$*||$*||$*||$*||$*|Sim|$*|Todos.|$*|Creio que os Manuais de Operaçōes de uma aeronave são a espinha dorsal da atividade, ja que estabelecem os parâmetros de segurança.|$*|Operaçōes.|$*|Não|$*|Não|$*||$*|Operaçōes.|$*|Manutenção.|$*||$*||$*||$*||$*||$*||$*||$*||$*|Bom|$*|Ótimo|$*|Bom|$*|Nenhum|$*|Regular|$*|Nenhum|$*|Nenhum|$*|Nenhum|$*|Nenhum|$*|Nenhum|$*|Nenhum|$*|Nenhum|$*|Nenhum|$*|Nenhum|$*||$*||$*||$*||$*|CBA.|$*|Não|$*||$*||$*||$*||$*|Não|$*||$*|Sim|$*|FAA- Commercial Pilot. ANAC-Piloto Comercial/Avião|$*|Não.|$*|', '2021-05-20 16:45:30', '2021-05-20 17:05:00'),
(9, 2, 3, 'PPA||PCA||PLA||Mono||Multi||IFR||FAA|||$*|Commercial Pilot|$*||$*||$*|Médio|$*|Médio|$*|Médio|$*|Superficial|$*|Médio|$*|Superficial|$*|Médio|$*|Médio|$*|Médio|$*|Médio|$*|Médio|$*|2021-06-30|$*|Curso Superior: Graduação em Aviação Civil, Universidad Anhembi Morumbi. Dezembro 2021\r\nJet Training: A320, Delta5 31/10/2020\r\nCurso de Introdução ao Sistema de Investigação e Prevenção de Acidentes Aeronáuticos. CI - SIPAER 9 Edição. 26/08/2020\r\nInternational Airline Carreer Program, ATP Daytona Beach. 2018\r\nCurso de Piloto Privado de Avión, Fundación Alas Argentinas. 2017|$*|Sim|$*|Sim|$*|International Airline Carreer Program, ATP Daytona Beach. 2018\r\nPorque foi na qual eu mais adquiri conhecimentos pertinentes as funçōes que desejo executar.|$*|International Airline Carreer Program, ATP Daytona Beach. 2018\r\nPor conta do ritmo do curso.|$*|No inicio creio que a maior dificuldade foi a falta de informação sobre o setor. E logo a mudança de equipamento e regulamentos.|$*|Curso de Especialização em Segurança de Aviação e Aeronavegabilidade Continuada, PE - Safety.\r\nPorque além de ter um grande interesse nessa area creio que agregaria valor a minha formação.|$*|Não.|$*||$*||$*||$*||$*|Piloto|||$*||$*||$*||$*||$*||$*||$*||$*||$*||$*||$*||$*||$*||$*||$*||$*||$*||$*||$*||$*||$*||$*||$*||$*||$*||$*||$*||$*||$*||$*||$*||$*||$*||$*||$*||$*||$*||$*||$*||$*||$*||$*||$*||$*||$*|Operacional|||$*||$*||$*||$*|Não.|$*|Não|$*|Não.|$*||$*||$*|Sim, tem varios treinamentos que são do meu interesse, desde da parte de SGSO, Cargas, Adapataçōes a Aeronaves.|$*|Na minha opinião cada treinamento tem um aporte específico na carreira que quero seguir. E o resultado de todos esses treinamentos me tornarão um profissional mais completo para o mercado.|$*||$*|Adaptação a uma Aeronave de Alta Performance|$*||$*||$*||$*||$*||$*||$*||$*||$*|Aviação Comercial Empresas de Transporte de Passageiros.|$*||$*|Não.|$*|Não.|$*|', '2021-05-20 17:05:00', '2021-05-20 17:40:45'),
(10, 2, 4, 'Sim. SGSO e um sistema de gerenciamento de segurança operacional. deve ser levado em conta por todos os funcionários de uma empresa para que a mesma tenha um melhor funcionamento e padrōes de segurança.|$*|Sim. Acredito que as tarefas procedimentos que cumprirei durante a minha carreira estarão cobertos por Manuais de SGSO.|$*|Não.|$*|Não.|$*|Não.|$*|Não.|$*||$*|Sim. Pilotar aeronaves.|$*|5|$*||$*|Não.|$*|', '2021-05-20 17:40:45', '2021-05-20 18:00:15'),
(11, 2, 5, '|$*||$*||$*|Não|$*||$*||$*||$*||$*||$*||$*||$*||$*||$*||$*||$*||$*||$*||$*|Lycoming||Continental|||$*||$*|Garmin|||$*||$*||$*|G1000.|$*||$*|6|$*|6|$*|5|$*|6|$*|3|$*|1|$*|5|$*|3|$*|6|$*|5|$*|6|$*|5|$*|0|$*|0|$*|3|$*|2|$*|5|$*|5|$*|0|$*|0|$*|0|$*|0|$*|0|$*|0|$*|0|$*|0|$*|0|$*|0|$*|0|$*|0|$*|0|$*|0|$*|0|$*|8|$*|8|$*|8|$*|5|$*|0|$*|0|$*|5|$*|0|$*|0|$*|0|$*|0|$*|5|$*|5|$*||$*||$*|Não|$*||$*||$*||$*|', '2021-05-20 18:00:15', '2021-05-20 18:20:00'),
(12, 2, 6, 'Been / is|$*|Can / seal|$*|The consequences of COVID-19 to the aircraft manufacturing professionals, potentially affected by the disruption in the market.|$*|had we|$*|Improve|$*|will be running / Do you need a ride?|$*|in case|$*|checking|$*|Artificial Intelligence has been employed in the aircraft manufacturing industry.|$*|Bumped into|$*|I’m looking forward to it.|$*|I’d rather prefer|$*|Data analytics help optimize the operations performance, assist in an effective decision making and reduces maintenance costs.|$*|have / go|$*|How / Should|$*|', '2021-05-20 18:20:00', '2021-05-20 18:27:20'),
(13, 4, 1, 'Guilherme|$*|Telles Cristo Moreira|$*|gtcm_telles@hotmail.com|$*|12991601543|$*|1993-02-26|$*|Ensino superior completo|$*|Ciências Biológicas|$*||$*|Newton Paiva|$*|2016-06-30|$*|Comissário de Voo|$*|Junior|$*||$*|Médio|$*|Médio|$*|Nenhum|$*|Nenhum|$*||$*||$*|Não tenho experiência|$*|Sim|$*|Pois minha vontade sempre foi trabalhar na área de aviação.|$*|Me imagino como comissário de voo, chefe de cabine de uma empresa de linha aérea fazendo voos internacionais.|$*|Comissário de Voo internacional|$*|Sou nascido e criado em Belo Horizonte, MG. Venho de uma família militar, por este motivo sempre tive contato com as forças armadas e eventos como os da esquadrilha da fumaça. Além disso, meu pai tinha um amigo que era piloto de avião da Líder Aviação, então sempre que era possível ele nos levava para voar no avião executivo que ele operava. Foi ai que nasceu o meu amor pela aviação, sempre fiquei impressionado como o avião é capaz de ir de um lugar a outro em tão pouco tempo, como era capaz de estreitar laços e ser capaz de encurtar distâncias. Meu pai e minha mãe sempre prezaram pelos estudos, por isso estudei em uma escola bilíngue português/espanhol e aos 11 anos de idade comecei a estudar inglês. Quando eu me formei no ensino médio, minha família disse que para eu seguir a profissão que amava, era para primeiro eu me formar em uma faculdade. Foi então que escolhi cursar Biologia, a qual sempre foi a minha segunda opção. Quando estava cursando biologia tive a oportunidade de fazer um intercâmbio para os Estados Unidos, onde trabalhei de garçom e host no Hard Rock Cafe New Orleans, foi ai que nasceu a percebi o prazer em trabalhar com atendimento ao cliente. Um ano após, fiz um estágio na África do Sul em um hospital de aves marinhas vítimas de derramamento de petróleo, neste hospital trabalhei no laboratório da UTI fazendo exames clínicos. Após este período, trabalhei na FIOCRUZ Minas, lá trabalhava com ensaios laboratoriais para pesquisa em doenças como Dengue, Febre Amarela e Leishmaniose. Passado este período e já graduado, iniciei o mestrado na UFRGS em biotecnologia o qual durou somente três meses e eu desisti. Desisti por perceber que estava deixando para trás a minha grande paixão e inspiração, que é a aviação. Então, me organizei e trabalhei algum tempo como biólogo autônomo para que eu pudesse focar na aviação e construir a minha carreira como Comissário de Voo. Em 2018 fiz um curso de Inglês na Irlanda e lá também trabalhei como Garçom e Bartender em um Hotel. Em Janeiro deste ano conclui o curso de Comissário de Voo pelo Aeroclube de São José dos Campos e logo em seguida conquistei a minha aprovação do exame teórico da ANAC. Sigo aperfeiçoando e fazendo cursos para que meu desejado futuro esteja cada vez mais próximo.|$*|', '2021-07-27 11:22:00', '2021-07-27 12:34:30'),
(14, 4, 2, '|$*||$*||$*||$*||$*||$*||$*||$*||$*||$*||$*||$*||$*||$*||$*||$*||$*||$*||$*||$*||$*||$*||$*||$*||$*||$*||$*||$*||$*||$*||$*||$*||$*||$*||$*||$*||$*||$*||$*||$*||$*||$*||$*||$*||$*||$*||$*||$*||$*||$*||$*||$*||$*||$*||$*||$*||$*||$*||$*||$*||$*||$*||$*||$*||$*||$*||$*||$*||$*||$*||$*||$*|', '2021-07-27 12:34:30', '2021-07-27 12:34:30'),
(15, 4, 3, 'ANAC Comissários||AVSEC|||$*||$*||$*||$*|Médio|$*|Médio|$*|Superficial|$*|Nenhum|$*|Superficial|$*|Superficial|$*|Superficial|$*|Superficial|$*|Médio|$*|Nenhum|$*|Nenhum|$*||$*|Curso de Comissário de Voo, Fev/2021. \r\nCurso AVSEC, 05/07/2021|$*|Sim|$*|não|$*|O curso de comissário de voo. Neste curso, através de aulas presenciais práticas e teóricas, pude ter um contato real com o mundo da aviação civil e entender como é o dia a dia de um comissário de voo. Além disso, pude ter conhecimento de outras diversas atribuições que são de competência do comissário de voo que antes não havia conhecimento.|$*|Curso de Comissário de Voo. Achei muito interessante a maneira a qual o curso foi abordado, além disso, tive intensas práticas onde puder perceber e experimentar de fato o exercício da profissão. Eu me identifiquei muito com a postura que o comissário deve ter além da disciplina. Eu gosto muito de trabalhar de maneira pontual, educada e cordial com o atendimento às pessoas e com a equipe de colegas de trabalho, estas características fizeram com que eu me identificasse bastante com a profissão.|$*|O maior desafio foi sem sombra de dúvidas na sobrevivência na selva que fazemos. Eu achei que seria algo bem superficial e de certa forma tranquilo, mas não foi. De fato, foi uma imersão na selva onde foram abordados diversos temas médicos e técnicos em um grau muito próximo ao real, pois tivemos que montar abrigo, procurar por alimentos, ficamos privados de água, banheiro, comida, etc. Além disso tivemos a oportunidade de evacuar uma aeronave pelas escorregadeiras infláveis, fizemos sobrevivência na água, combate ao fogo, resgate de vítimas e o que para mim, o mais difícil, a casa da fumaça.|$*|Pretendo aprender um novo idioma e aperfeiçoar os que já sei. Quero fazer estes cursos porque eu gosto muito de me comunicar com as pessoas e atendê-las da melhor maneira possível, sendo assim, acredito que os idiomas secundários aumentam muito as chances de comunicação entre as pessoas, fazendo com que se possibilite um melhor entendimento entre as partes e um conhecimento mais profundo de outras culturas e costumes, algo que gosto muito.|$*|Sim, tive alguns. Primeiramente os meus pais, que sempre foram presentes na minha formação acadêmica. Depois tive a minha orientadora de Iniciação Científica na FIOCRUZ e minha orientadora de TCC, na área de Imunologia. Por fim tive a minha orientadora de Mestrado, na UFRGS, na área de Biotecnologia.|$*||$*||$*||$*||$*||$*||$*||$*||$*|Pax||Aeroportos||Segurança Operacional|||$*||$*||$*||$*||$*||$*||$*||$*||$*||$*||$*||$*||$*||$*||$*||$*||$*||$*||$*||$*||$*||$*||$*|C||C++|||$*||$*||$*||$*||$*||$*||$*||$*||$*||$*||$*||$*||$*||$*|Finanças||Gestão||Planejamento|||$*||$*||$*||$*||$*||$*||$*||$*||$*|AVSEC, reconhecido pela ANAC.|$*||$*||$*||$*|Sim. Treinamentos em Segurança de Voo, em atendimento ao PAX e em Prevenção de Acidentes.|$*|Em muitos aspectos estes treinamentos seriam fundamentais, acredito que um dos preceitos mais fortes da aviação seja a segurança, com isso o curso de prevenção de acidentes e segurança de voo se fazem essenciais. Além disso, o mercado da aviação civil é muito competitivo e o PAX é peça chave dessa indústria, enquanto comissário de voo acredito que seja de suma importância uma atendimento de excelência ao passageiro visando a melhor experiência possível e satisfação total do mesmo.|$*||$*||$*||$*||$*||$*||$*||$*||$*||$*||$*|Em Aeroclubes.|$*|Pontualidade, comprometimento, assiduidade, bom aproveitamento e rendimento teórico e prático, responsabilidade, comprometimento.|$*||$*||$*|', '2021-07-27 12:34:30', '2021-07-27 13:01:40'),
(16, 4, 4, '|$*||$*||$*||$*||$*||$*||$*||$*|1|$*||$*||$*|', '2021-07-27 13:01:40', '2021-07-27 13:02:30'),
(17, 4, 5, '10/2019 até 06/2020. Monitor de Língua Inglesa – Instituto MIX de Profissões – Jacareí, SP. \r\n09/2018 até 12/2018. Bartender e Garçom – The Woodfield House Hotel Ireland – Limerick, Irlanda. \r\n06/2014 até 06/2016. Bolsista de Iniciação Científica – FIOCRUZ/Minas – Belo Horizonte, MG. \r\nTrabalho de Estágio Voluntário: Sanccob Saves Sea Birds – Cape Town, África do Sul. 12/2013 até 02/2014. \r\n12/2012 até 04/2013. Garçom e Host – Hard Rock Cafe – New Orleans, EUA.|$*|Nas minhas experiências fora do Brasil encontrei um cenário repleto de desconfianças devido a minha nacionalidade. De maneira geral, desconfiavam da minha eficiência no trabalho e do meu caráter, além disso havia uma tendência a me delegarem serviços mais &#34;braçais&#34; e que não eram de minha função. Consegui reverter o cenário e conquistar o respeito e admiração de todos quando me coloquei vulnerável e me abri mais, mostrando a todos quem eu era de verdade e o meu trabalho. Após isso consegui ser tratado de igual para igual. Aqui no Brasil na FIOCRUZ, encontrei um cenário muito competitivo e de extremo peso no mercado da pesquisa científica. Consegui me nivelar aos profissionais de excelência por intermédio de maior dedicação aos estudos e participação em grupos paralelos de estudos.|$*||$*|Não|$*||$*|Junior|$*|Pleno|$*|Comercial||Compras/suprimentos||RH||Qualidade|||$*|Perceber os meus pontos fortes e fracos e ser capaz de desenvolver minhas habilidades em torno disso.|$*|Apresentação oral de um trabalho científico para 1200 pessoas e ter este trabalho avaliado por uma banca de profissionais que eram sumidades no assunto.|$*|Prêmio de melhor apresentação oral e escrita em um trabalho científico.|$*|Fiocruz. Foi nesta empresa que pude conhecer o meu potencial enquanto profissional. Lá foi me mostrado que sempre posso ir além e fazer melhor a cada dia. Foi a empresa que me deu segurança para lidar com pessoas e para falar em público.|$*|Fiocruz. Devido a excelência e referência na pesquisa científica mundial, todas as atividades desenvolvidas eram de extrema relevância e demandavam atenção total. Mesmo com ótimos resultados, nunca parecia ser o bastante e por ser uma empresa pública, desenvolver o meu trabalho dependia de muitos aspectos burocráticos e verba pública, fazendo com que o trabalho ficasse limitado.|$*|Sim|$*|Minha chefe na Fiocruz demandava muita atenção e dedicação ao trabalho. A minha carga horária semanal era de 20 horas e sempre trabalhei muito mais do que isso, incluindo madrugadas, finais de semana, feriados, férias e etc. A minha média semanal chegava a 120h e nunca era reconhecido por tal dedicação.|$*|Marcela. Ela era minha colega de trabalho e de projeto na FICRUZ. Ela me motivava a ir além e reconhecia o meu trabalho, me fazendo ir adiante e sempre fazer mais e melhor.|$*||$*||$*||$*||$*||$*||$*||$*||$*||$*|2|$*|2|$*|1|$*|0|$*|1|$*|1|$*|2|$*|2|$*|2|$*|1|$*|1|$*|6|$*|0|$*|0|$*|0|$*|0|$*|0|$*|0|$*|0|$*|0|$*|0|$*|0|$*|0|$*|0|$*|0|$*|0|$*|0|$*|0|$*|0|$*|0|$*|0|$*|0|$*|0|$*|6|$*|8|$*|8|$*|0|$*|0|$*|0|$*|0|$*|0|$*|0|$*|0|$*|0|$*|0|$*|0|$*|Meu ponto mais forte é o fato de eu ter tido diversas experiências em diversos tipos de empresas, fazendo com que eu desenvolvesse muito bem a minha habilidade de comunicação e faculdades interdisciplinares.|$*|Meu ponto de melhora seria ter mais experiências e vivência na área de aviação civil.|$*|Não|$*||$*|Apresentação oral e comunicação.|$*|Habilidade de relação interpessoal com a mais diversa gama de pessoas, etnias, culturas e classes sociais.|$*|', '2021-07-27 13:02:30', '2021-07-27 14:10:15'),
(18, 4, 6, 'Been / is|$*|Would / push|$*|The economic impact of COVID-19 and its preventative measures on commercial negotiations in the aircraft manufacturing market and industry development in 2020.|$*|we had|$*|Improve|$*|will be / You alright?|$*|in case|$*|checking|$*|Artificial Intelligence has been employed in the aircraft manufacturing industry.|$*|Spoke with|$*|I’m looking forward to it.|$*|I’ll have|$*|Data analytics help optimize the operations performance, assist in an effective decision making and reduces maintenance costs.|$*|have / go|$*|How / Should|$*|', '2021-07-27 14:10:20', '2021-07-27 14:40:20'),
(19, 4, 7, 'Muito adequado|$*|Relativamente adequado|$*|Muito adequado|$*|Muito adequado|$*|Muito adequado|$*|Nem adequado, nem inadequado|$*|Nem adequado, nem inadequado|$*|Muito adequado|$*|Nem adequado, nem inadequado|$*|Muito adequado|$*|Relativamente inadequado|$*|Muito adequado|$*|Muito adequado|$*|Muito adequado|$*|Muito adequado|$*|Relativamente inadequado|$*|Nem adequado, nem inadequado|$*|Muito adequado|$*|Relativamente inadequado|$*|Muito adequado|$*|Nem adequado, nem inadequado|$*|Muito adequado|$*|Muito adequado|$*|Relativamente adequado|$*|Muito adequado|$*|Muito inadequado|$*|Muito adequado|$*|Muito adequado|$*|Relativamente adequado|$*|Nem adequado, nem inadequado|$*|', '2021-07-27 14:40:25', '2021-07-27 14:42:15'),
(20, 4, 8, 'Muito inadequado|$*|Relativamente adequado|$*|Muito adequado|$*|Muito adequado|$*|Muito adequado|$*|Nem adequado, nem inadequado|$*|Muito adequado|$*|Muito adequado|$*|Muito inadequado|$*|Nem adequado, nem inadequado|$*|Muito inadequado|$*|Muito adequado|$*|Muito adequado|$*|Muito adequado|$*|Muito adequado|$*|Nem adequado, nem inadequado|$*|Muito adequado|$*|Relativamente inadequado|$*|Muito inadequado|$*|Muito adequado|$*|Relativamente inadequado|$*|Muito adequado|$*|Relativamente inadequado|$*|Relativamente adequado|$*|Muito adequado|$*|Relativamente inadequado|$*|Relativamente adequado|$*|Muito adequado|$*|Muito inadequado|$*|Muito adequado|$*|', '2021-07-27 14:42:15', '2021-07-27 14:44:00'),
(21, 4, 9, 'Relativamente inadequado|$*|Relativamente inadequado|$*|Nem adequado, nem inadequado|$*|Muito adequado|$*|Muito adequado|$*|Nem adequado, nem inadequado|$*|Nem adequado, nem inadequado|$*|Relativamente inadequado|$*|Muito inadequado|$*|Relativamente inadequado|$*|Muito inadequado|$*|Muito adequado|$*|Muito inadequado|$*|Muito inadequado|$*|Muito inadequado|$*|Muito inadequado|$*|Relativamente adequado|$*|Muito inadequado|$*|Muito inadequado|$*|Muito inadequado|$*|Relativamente adequado|$*|Muito inadequado|$*|Muito inadequado|$*|Muito adequado|$*|Relativamente inadequado|$*|Muito inadequado|$*|Muito adequado|$*|Muito inadequado|$*|Nem adequado, nem inadequado|$*|Relativamente adequado|$*|', '2021-07-27 14:44:00', '2021-07-27 14:45:35'),
(22, 4, 10, 'Nem adequado, nem inadequado|$*|Nem adequado, nem inadequado|$*|Muito inadequado|$*|Muito inadequado|$*|Muito adequado|$*|Nem adequado, nem inadequado|$*|Nem adequado, nem inadequado|$*|Muito inadequado|$*|Muito inadequado|$*|Relativamente inadequado|$*|Muito adequado|$*|Muito inadequado|$*|Relativamente inadequado|$*|Muito inadequado|$*|Muito inadequado|$*|Muito inadequado|$*|Muito inadequado|$*|Muito inadequado|$*|Relativamente adequado|$*|Muito inadequado|$*|Relativamente adequado|$*|Muito inadequado|$*|Muito inadequado|$*|Relativamente inadequado|$*|Relativamente inadequado|$*|Muito adequado|$*|Muito adequado|$*|Relativamente adequado|$*|Muito inadequado|$*|Muito inadequado|$*|', '2021-07-27 14:45:35', '2021-07-27 14:47:25'),
(23, 2, 7, 'Relativamente adequado|$*|Relativamente adequado|$*|Muito adequado|$*|Nem adequado, nem inadequado|$*|Muito adequado|$*|Muito inadequado|$*|Relativamente inadequado|$*|Relativamente adequado|$*|Relativamente inadequado|$*|Muito adequado|$*|Muito inadequado|$*|Relativamente adequado|$*|Nem adequado, nem inadequado|$*|Muito adequado|$*|Muito adequado|$*|Muito inadequado|$*|Relativamente adequado|$*|Relativamente inadequado|$*|Nem adequado, nem inadequado|$*|Muito adequado|$*|Relativamente inadequado|$*|Relativamente adequado|$*|Relativamente adequado|$*|Nem adequado, nem inadequado|$*|Relativamente adequado|$*|Muito inadequado|$*|Relativamente adequado|$*|Relativamente adequado|$*|Muito adequado|$*|Muito inadequado|$*|', '2021-07-28 16:52:00', '2021-07-28 16:55:00'),
(24, 2, 8, 'Relativamente inadequado|$*|Nem adequado, nem inadequado|$*|Relativamente adequado|$*|Relativamente adequado|$*|Muito adequado|$*|Muito inadequado|$*|Relativamente adequado|$*|Muito adequado|$*|Muito inadequado|$*|Muito inadequado|$*|Muito inadequado|$*|Relativamente adequado|$*|Relativamente adequado|$*|Muito adequado|$*|Muito adequado|$*|Nem adequado, nem inadequado|$*|Relativamente adequado|$*|Muito inadequado|$*|Muito inadequado|$*|Relativamente adequado|$*|Nem adequado, nem inadequado|$*|Relativamente adequado|$*|Muito inadequado|$*|Muito adequado|$*|Muito adequado|$*|Relativamente inadequado|$*|Nem adequado, nem inadequado|$*|Muito inadequado|$*|Muito inadequado|$*|Relativamente adequado|$*|', '2021-07-28 16:55:00', '2021-07-28 16:57:00'),
(25, 2, 9, 'Muito inadequado|$*|Muito inadequado|$*|Muito inadequado|$*|Nem adequado, nem inadequado|$*|Relativamente adequado|$*|Muito inadequado|$*|Relativamente inadequado|$*|Nem adequado, nem inadequado|$*|Muito inadequado|$*|Muito inadequado|$*|Muito inadequado|$*|Muito adequado|$*|Relativamente inadequado|$*|Muito inadequado|$*|Muito inadequado|$*|Muito inadequado|$*|Muito adequado|$*|Muito inadequado|$*|Muito inadequado|$*|Muito inadequado|$*|Muito adequado|$*|Muito inadequado|$*|Muito inadequado|$*|Muito adequado|$*|Relativamente inadequado|$*|Muito inadequado|$*|Muito adequado|$*|Nem adequado, nem inadequado|$*|Muito inadequado|$*|Relativamente inadequado|$*|', '2021-07-28 16:57:00', '2021-07-28 17:00:00'),
(26, 2, 10, 'Muito inadequado|$*|Nem adequado, nem inadequado|$*|Relativamente inadequado|$*|Nem adequado, nem inadequado|$*|Relativamente adequado|$*|Relativamente inadequado|$*|Nem adequado, nem inadequado|$*|Muito inadequado|$*|Muito inadequado|$*|Muito inadequado|$*|Muito adequado|$*|Relativamente inadequado|$*|Nem adequado, nem inadequado|$*|Muito inadequado|$*|Muito inadequado|$*|Nem adequado, nem inadequado|$*|Muito inadequado|$*|Relativamente adequado|$*|Relativamente adequado|$*|Muito inadequado|$*|Muito adequado|$*|Muito inadequado|$*|Muito inadequado|$*|Nem adequado, nem inadequado|$*|Muito inadequado|$*|Muito adequado|$*|Muito adequado|$*|Muito adequado|$*|Muito inadequado|$*|Muito inadequado|$*|', '2021-07-28 17:00:00', '2021-07-28 17:02:00');

insert into analysis (`id`, `student`, `situation`, `certificate`, `link`, `identifier`) values
(1, 4, 1, null, '610046adb50d7518b5a41649', '202107271B97'),
(2, 2, 1, null, '6101b790b50d7518b5a4164a', '20210728E4B2');
